,C,C_Test,Html,Html_test,Java,Java_test,PHP,PHP_test
C,1.0,0.23335829419821222,0.5958680151309673,0.9557663435315824,0.926322624709743,0.22508313381872563,0.6096503269961402,0.9587050038769538
C_Test,0.2333582941982122,1.0,0.7415451349123668,0.16434092457712102,0.39201719087026976,0.6606276030818017,0.7077358099253769,0.22417355030277125
Html,0.5958680151309673,0.7415451349123667,1.0,0.4955620528940528,0.7504532953451406,0.6407337958983985,0.9628509329020761,0.5405281687281847
Html_test,0.9557663435315824,0.16434092457712102,0.49556205289405286,1.0,0.8418658584178333,0.1611968236511077,0.4853231069629939,0.9832438917520891
Java,0.926322624709743,0.39201719087026976,0.7504532953451406,0.8418658584178333,1.0,0.42558432450432326,0.7727369482987237,0.8499305686671933
Java_test,0.22508313381872563,0.6606276030818018,0.6407337958983986,0.16119682365110774,0.42558432450432326,0.9999999999999999,0.6165764731099084,0.15840758717894296
PHP,0.6096503269961403,0.7077358099253769,0.9628509329020761,0.48532310696299386,0.7727369482987237,0.6165764731099084,1.0,0.5558238490260862
PHP_test,0.9587050038769538,0.22417355030277125,0.5405281687281847,0.9832438917520891,0.8499305686671934,0.15840758717894296,0.5558238490260862,1.0
