,C,C_Test,Html,Html_test,Java,Java_test,PHP,PHP_test
C,1.0,0.9517654327100329,0.9470871875222282,0.3052692071432265,0.9910834235616204,0.963964007424519,0.9698515533582516,0.8890887032849796
C_Test,0.9517654327100329,1.0,0.9405025801419835,0.27948141420916306,0.9239658508642719,0.9093136592602645,0.9181472029697106,0.9351899972253156
Html,0.9470871875222282,0.9405025801419835,1.0,0.5151982160891398,0.9569728740642915,0.9141040093318864,0.9804836177919483,0.9272746832793286
Html_test,0.3052692071432265,0.27948141420916306,0.5151982160891398,0.9999999999999998,0.3766616169028019,0.2947223936713286,0.47203576555771243,0.2550970615367087
Java,0.9910834235616204,0.9239658508642717,0.9569728740642915,0.3766616169028019,1.0,0.9649934052802992,0.9882105462246658,0.883731928540813
Java_test,0.9639640074245192,0.9093136592602646,0.9141040093318864,0.2947223936713286,0.9649934052802992,1.0,0.9448195463189191,0.8760660068714957
PHP,0.9698515533582516,0.9181472029697105,0.9804836177919483,0.47203576555771243,0.9882105462246658,0.944819546318919,1.0,0.9032050835066255
PHP_test,0.8890887032849796,0.9351899972253156,0.9272746832793285,0.2550970615367087,0.883731928540813,0.8760660068714956,0.9032050835066255,1.0
