,C,C_Test,Html,Html_test,Java,Java_test,PHP,PHP_test
C,1.0,0.7758910950892465,0.7491540905556862,0.5009391486073824,0.9484065761346376,0.8255651776572789,0.8740143715229877,0.7595218291195861
C_Test,0.7758910950892464,1.0,0.5003391312581481,0.336642282522212,0.6281424478632271,0.5579440120973048,0.6462506758901658,0.6085309682124068
Html,0.7491540905556862,0.5003391312581482,0.9999999999999999,0.8592870558487187,0.7979380086180766,0.45524240929565085,0.9285881509453073,0.5022167069989681
Html_test,0.5009391486073824,0.336642282522212,0.8592870558487187,1.0,0.5751712322049183,0.3136752305229618,0.7462373623685529,0.4633996176085655
Java,0.9484065761346376,0.628142447863227,0.7979380086180766,0.5751712322049182,1.0,0.8275529083940285,0.8739296575089,0.7252270865053406
Java_test,0.8255651776572788,0.5579440120973048,0.4552424092956509,0.3136752305229618,0.8275529083940284,1.0,0.6226696452523179,0.8456990048360155
PHP,0.8740143715229877,0.6462506758901659,0.9285881509453074,0.746237362368553,0.8739296575088998,0.6226696452523179,1.0,0.7101263080819704
PHP_test,0.7595218291195861,0.6085309682124068,0.5022167069989683,0.4633996176085656,0.7252270865053405,0.8456990048360153,0.7101263080819704,1.0
