,C,C_Test,Html,Html_test,Java,Java_test,PHP,PHP_test
C,1.0,0.09109142645964585,0.5145709519017501,0.9716597057522774,0.9471347376879784,0.017197261039895086,0.5285078773669167,0.9690414202644291
C_Test,0.09109142645964587,1.0,0.7422653961822209,0.08176287123382994,0.23307659094886649,0.6123793468210299,0.696470011635531,0.13898022168776017
Html,0.5145709519017502,0.7422653961822209,0.9999999999999998,0.48001695219144175,0.6419904415411901,0.4920738474411424,0.9579530998049304,0.5248230757936734
Html_test,0.9716597057522774,0.08176287123382993,0.4800169521914418,0.9999999999999998,0.9126158842076791,0.04033791549930731,0.4758608816111586,0.9843643868599207
Java,0.9471347376879784,0.2330765909488665,0.6419904415411902,0.9126158842076791,1.0,0.17553670457374754,0.6510606901033785,0.9095263202754024
Java_test,0.017197261039895086,0.61237934682103,0.49207384744114235,0.04033791549930731,0.17553670457374754,1.0,0.4157621296697317,0.007111973619096944
PHP,0.5285078773669166,0.6964700116355309,0.9579530998049303,0.4758608816111585,0.6510606901033785,0.4157621296697317,0.9999999999999998,0.5531469804478726
PHP_test,0.9690414202644291,0.13898022168776014,0.5248230757936734,0.9843643868599208,0.9095263202754023,0.007111973619096943,0.5531469804478726,1.0
