,C,C_Test,Html,Html_test,Java,Java_test,PHP,PHP_test
C,1.0,-0.053885783075844546,0.6814392192113917,0.6203838547680702,0.8753030919991902,0.3825951042177635,0.8184513383812682,0.7230311672873301
C_Test,-0.05388578307584455,1.0,0.15695410559122275,-0.022579860796837842,-0.016100034786300073,0.08731737163206396,0.046131378921903436,-0.030782920508618423
Html,0.6814392192113916,0.15695410559122275,1.0,0.474525373179518,0.7320572096538377,0.5139523797411528,0.8317729959355438,0.48342634666936957
Html_test,0.6203838547680703,-0.022579860796837842,0.47452537317951804,0.9999999999999999,0.769436150578928,0.12836940806552682,0.5777611227401285,0.8666276656870076
Java,0.8753030919991902,-0.016100034786300073,0.7320572096538377,0.769436150578928,1.0,0.3422785951251255,0.8743254455036921,0.8355728193106025
Java_test,0.3825951042177635,0.08731737163206396,0.5139523797411528,0.12836940806552682,0.3422785951251255,0.9999999999999998,0.4438618676392343,0.26617126417975123
PHP,0.818451338381268,0.046131378921903436,0.8317729959355439,0.5777611227401285,0.8743254455036921,0.4438618676392343,1.0,0.6312157661436538
PHP_test,0.7230311672873301,-0.030782920508618423,0.4834263466693695,0.8666276656870077,0.8355728193106025,0.26617126417975123,0.6312157661436537,0.9999999999999999
