,C,C_Test,Html,Html_test,Java,Java_test,PHP,PHP_test
C,1.0,0.9037435485026148,0.8813455809800731,0.43176436423202097,0.9682714719047605,0.8683993285118428,0.9862732855623204,0.3319241654754887
C_Test,0.903743548502615,1.0,0.903637361298423,0.43849805387057206,0.8293596126072592,0.8333792007259294,0.9249188425990449,0.2800402112342533
Html,0.8813455809800731,0.903637361298423,1.0,0.4265671940494408,0.8371774759532945,0.8415725309705898,0.9011134376263926,0.31691217896583446
Html_test,0.43176436423202097,0.4384980538705721,0.42656719404944077,0.9999999999999998,0.49191093724530355,0.30025349257288314,0.5078348943281195,0.9678457114392944
Java,0.9682714719047605,0.8293596126072593,0.8371774759532943,0.49191093724530355,1.0,0.7947066393411918,0.9607194403144388,0.40665477760228763
Java_test,0.8683993285118429,0.8333792007259294,0.8415725309705899,0.30025349257288314,0.7947066393411918,1.0,0.8941754469506443,0.27125427388704454
PHP,0.9862732855623204,0.924918842599045,0.9011134376263926,0.5078348943281195,0.9607194403144387,0.8941754469506443,1.0,0.41250196926867644
PHP_test,0.3319241654754887,0.2800402112342533,0.3169121789658344,0.9678457114392943,0.40665477760228763,0.2712542738870445,0.41250196926867644,1.0
