,C,C_Test,Html,Html_test,Java,Java_test,PHP,PHP_test
C,1.0,0.9403421408976737,0.9275759132320731,0.6783943022742293,0.9877138081175483,0.8519601649363566,0.9337645501390441,0.9066903180342192
C_Test,0.9403421408976737,1.0,0.8377197101084158,0.754209112023133,0.9680638436541288,0.9171757935895077,0.8178945883129218,0.7955676588985899
Html,0.9275759132320731,0.8377197101084158,0.9999999999999999,0.7821733869501776,0.9058529303953203,0.7368899391771143,0.949996465114996,0.8815943800048344
Html_test,0.6783943022742291,0.7542091120231331,0.7821733869501776,1.0,0.7163274183090272,0.588440886250055,0.7497100663838218,0.4564753520703942
Java,0.9877138081175483,0.9680638436541287,0.9058529303953204,0.7163274183090272,1.0,0.901012566374545,0.9131128293052793,0.8627193748288168
Java_test,0.8519601649363566,0.9171757935895077,0.7368899391771143,0.588440886250055,0.901012566374545,1.0,0.7257071274782965,0.7820063619877352
PHP,0.9337645501390441,0.8178945883129217,0.949996465114996,0.7497100663838218,0.9131128293052793,0.7257071274782966,1.0,0.8188770076206946
PHP_test,0.9066903180342192,0.7955676588985899,0.8815943800048343,0.4564753520703942,0.8627193748288168,0.7820063619877351,0.8188770076206946,1.0
