,C,C_Test,Html,Html_test,Java,Java_test,PHP,PHP_test
C,176.67013569641352,1.0388967454233498,56.84532838025344,32.48746232828979,78.2269160042394,1.1462225889473805,58.519979328001114,33.36170414374897
C_Test,1.0388967454233498,0.11218509133035987,1.7826590861979463,0.14076535610834845,0.8342285552813425,0.08477518131774656,1.7119084085862437,0.1965774078814737
Html,56.84532838025344,1.7826590861979463,51.51411800312029,9.095857796981607,34.22151007483385,1.7619160204167033,49.90728809221111,10.156945610760435
Html_test,32.48746232828979,0.14076535610834845,9.095857796981607,6.53980755863785,13.678477108356539,0.157936824876001,8.96303795148082,6.5830234595474
Java,78.2269160042394,0.8342285552813425,34.22151007483385,13.678477108356539,40.366838076998974,1.0359586667771108,35.45568059935951,14.137658173548504
Java_test,1.1462225889473805,0.08477518131774656,1.7619160204167033,0.157936824876001,1.0359586667771108,0.14678743344674158,1.705976990739101,0.15889201721640586
PHP,58.519979328001114,1.7119084085862437,49.90728809221111,8.96303795148082,35.45568059935951,1.705976990739101,52.153512518764536,10.508981323474554
PHP_test,33.36170414374897,0.1965774078814737,10.156945610760435,6.5830234595474,14.137658173548504,0.15889201721640586,10.508981323474554,6.854303371977438
