,C,C_Test,Html,Html_test,Java,Java_test,PHP,PHP_test
C,3.3528480788347013,0.05223273849342954,3.154057029024654,0.08941328439843914,3.742111237064488,0.13499492985403413,4.311327055234961,0.086967290023329
C_Test,0.05223273849342954,0.0008982802707287582,0.051267077897856075,0.0013398956411508416,0.05710332458753124,0.0020843437616186976,0.06680623734262339,0.0014973029869325466
Html,3.154057029024654,0.051267077897856075,3.3078460196857686,0.149885321766569,3.5889864034026724,0.12715046640657565,4.329240874756595,0.09009173538221842
Html_test,0.08941328439843914,0.0013398956411508416,0.149885321766569,0.025587285977193182,0.12424045146371558,0.003605578443849752,0.1833098421163102,0.002179824225972413
Java,3.742111237064488,0.05710332458753124,3.5889864034026724,0.12424045146371558,4.252057080008686,0.15218561009065013,4.94706701271521,0.09734731922660039
Java_test,0.13499492985403413,0.0020843437616186976,0.12715046640657565,0.003605578443849752,0.15218561009065013,0.005849239479625183,0.1754273635931408,0.003579236848256645
PHP,4.311327055234961,0.06680623734262339,4.329240874756595,0.1833098421163102,4.94706701271521,0.1754273635931408,5.893829008913373,0.11713563780540234
PHP_test,0.086967290023329,0.0014973029869325466,0.09009173538221842,0.002179824225972413,0.09734731922660039,0.003579236848256645,0.11713563780540234,0.002853696711277498
