,C,C_Test,Html,Html_test,Java,Java_test,PHP,PHP_test
C,7.864720223288046,0.21078490980459633,7.416327301826969,0.27381464823735424,6.615094026230288,0.28550172511302535,7.914053971721195,0.3296648795799604
C_Test,0.21078490980459633,0.009384134414491442,0.1710951402281395,0.006356174889958695,0.15134047006514614,0.006665050781790492,0.20213285732901443,0.009123691200605211
Html,7.416327301826969,0.1710951402281395,12.460979684918625,0.5912136183925354,7.005595739325128,0.19816846202003682,10.583712319697723,0.27438352648226255
Html_test,0.27381464823735424,0.006356174889958695,0.5912136183925354,0.03798919853273298,0.2788220062776828,0.007539213171752027,0.46961920601682144,0.013979013366198348
Java,6.615094026230288,0.15134047006514614,7.005595739325128,0.2788220062776828,6.185853808801168,0.2538115183146378,7.018028034215246,0.279167351039789
Java_test,0.28550172511302535,0.006665050781790492,0.19816846202003682,0.007539213171752027,0.2538115183146378,0.015206576933524996,0.24792037569895337,0.01614069885440645
PHP,7.914053971721195,0.20213285732901443,10.583712319697723,0.46961920601682144,7.018028034215246,0.24792037569895337,10.425036637571374,0.35486664506485016
PHP_test,0.3296648795799604,0.009123691200605211,0.27438352648226255,0.013979013366198348,0.279167351039789,0.01614069885440645,0.35486664506485016,0.023954194242270688
