,C,C_Test,Html,Html_test,Java,Java_test,PHP,PHP_test
C,559.8122106375689,1.1266436456907245,129.808360515442,109.86643138784154,222.30846839256327,0.24104232952209875,126.70824357019221,111.19694087347287
C_Test,1.1266436456907245,0.27325981506775127,4.1369789843105504,0.2042554534443194,1.208675169040685,0.18963621085527763,3.6891178482978293,0.35234669358760323
Html,129.808360515442,4.1369789843105504,113.6769545593346,24.458083976583197,67.9028237388949,3.1079881037797086,103.49340710664869,27.138038394599384
Html_test,109.86643138784154,0.2042554534443194,24.458083976583197,22.838063870751927,43.26539995230688,0.11419732797396104,23.04315116676262,22.814704598835885
Java,222.30846839256327,1.208675169040685,67.9028237388949,43.26539995230688,98.41155981517205,1.0315822181266145,65.44504253639914,43.75902575880877
Java_test,0.24104232952209875,0.18963621085527763,3.1079881037797086,0.11419732797396104,1.0315822181266145,0.35093420283026394,2.4956863267276774,0.02043300781542025
PHP,126.70824357019221,3.6891178482978293,103.49340710664869,23.04315116676262,65.44504253639914,2.4956863267276774,102.67493694829534,27.183294091506884
PHP_test,111.19694087347287,0.35234669358760323,27.138038394599384,22.814704598835885,43.75902575880877,0.02043300781542025,27.183294091506884,23.52115428429149
