,C,C_Test,Html,Html_test,Java,Java_test,PHP,PHP_test
C,11.43017173855449,-0.05474571951817545,6.978069562738083,0.7737879247806383,9.818296092699743,0.09395529867008502,9.202592928770185,0.8395438482301558
C_Test,-0.05474571951817545,0.09030237723974731,0.14285783484172282,-0.0025032598585550216,-0.016051946023453237,0.0019059246953012732,0.046103829310465735,-0.0031770159836488564
Html,6.978069562738083,0.14285783484172282,9.174102393834515,0.5302446730933421,7.35661618470979,0.11307332524523477,8.378718096268658,0.5028889517535077
Html_test,0.7737879247806383,-0.0025032598585550216,0.5302446730933421,0.1361037736125683,0.9418005829326911,0.0034399498653236386,0.7088826857167119,0.10980639144502484
Java,9.818296092699743,-0.016051946023453237,7.35661618470979,0.9418005829326911,11.007851679472695,0.0824871913957981,9.647513013591839,0.9521285240639413
Java_test,0.09395529867008502,0.0019059246953012732,0.11307332524523477,0.0034399498653236386,0.0824871913957981,0.005276075266413771,0.10722456623117511,0.006640130973554133
PHP,9.202592928770185,0.046103829310465735,8.378718096268658,0.7088826857167119,9.647513013591839,0.10722456623117511,11.060682888537928,0.7209892605031009
PHP_test,0.8395438482301558,-0.0031770159836488564,0.5028889517535077,0.10980639144502484,0.9521285240639413,0.006640130973554133,0.7209892605031009,0.1179559830714722
