,C,C_Test,Html,Html_test,Java,Java_test,PHP,PHP_test
C,8.920313998667902,0.4012036420645612,9.045274778341835,0.4206261954048488,7.035477828991557,0.19831420068115618,9.418168681937326,0.30087797493946794
C_Test,0.4012036420645612,0.02209322785341001,0.4615398734420995,0.021259679153674844,0.2999016531835717,0.0094714507840242,0.4395541011440517,0.012633143715782679
Html,9.045274778341835,0.4615398734420995,11.807852630717367,0.4781149946182221,6.998571255280211,0.22111656425993692,9.9002019073837,0.33051094508189016
Html_test,0.4206261954048488,0.021259679153674844,0.4781149946182221,0.10639443187895824,0.3903483249899978,0.007488447366960638,0.529616018841357,0.0958135726764417
Java,7.035477828991557,0.2999016531835717,6.998571255280211,0.3903483249899978,5.918515408980032,0.14782827069438828,7.4727782282812445,0.30025740351311975
Java_test,0.19831420068115618,0.0094714507840242,0.22111656425993692,0.007488447366960638,0.14782827069438828,0.005846400028016526,0.21859797170937084,0.006294805388643825
PHP,9.418168681937326,0.4395541011440517,9.9002019073837,0.529616018841357,7.4727782282812445,0.21859797170937084,10.22252655221173,0.40028250061932236
PHP_test,0.30087797493946794,0.012633143715782679,0.33051094508189016,0.0958135726764417,0.30025740351311975,0.006294805388643825,0.40028250061932236,0.09211342034363593
