,C,C_Test,Html,Html_test,Java,Java_test,PHP,PHP_test
C,3.6016246607260034,0.1538751081895821,2.8423638297190963,0.10706642524626281,3.5272018528766687,0.16565040389497332,2.9858697452936758,0.16517717037165572
C_Test,0.1538751081895821,0.007434752110366314,0.11663072085528088,0.00540812731213539,0.15706781760324562,0.00810232790120037,0.11882691758685401,0.006584945495526008
Html,2.8423638297190963,0.11663072085528088,2.6071256315103692,0.10502819459422681,2.752254790781148,0.12190109065486804,2.5845635751838754,0.1366443285039724
Html_test,0.10706642524626281,0.00540812731213539,0.10502819459422681,0.006915821421463489,0.11209427256820542,0.005013588790288426,0.10505082752914138,0.0036440223807211
Java,3.5272018528766687,0.15706781760324562,2.752254790781148,0.11209427256820542,3.5407880119740662,0.17370199071506037,2.895067261737499,0.1558336821828707
Java_test,0.16565040389497332,0.00810232790120037,0.12190109065486804,0.005013588790288426,0.17370199071506037,0.010496583599215365,0.1252765034550518,0.007690880951914097
PHP,2.9858697452936758,0.11882691758685401,2.5845635751838754,0.10505082752914138,2.895067261737499,0.1252765034550518,2.8390203196012256,0.1324477990382606
PHP_test,0.16517717037165572,0.006584945495526008,0.1366443285039724,0.0036440223807211,0.1558336821828707,0.007690880951914097,0.1324477990382606,0.009214751679178753
